{
  "timestamp": "2025-06-27T07:10:39.007258",
  "num_completions": 1024,
  "num_requests": 8,
  "concurrent_requests": 8,
  "total_time": 2981.593609571457,
  "avg_latency": 1774.6545141041279,
  "throughput": 0.3434404999771847,
  "success_rate": 1.0,
  "error_count": 0,
  "response_times": [
    2981.5746648311615,
    864.6191024780273,
    1619.466989994049,
    2343.195116043091,
    529.5112507343292,
    1203.3504965305328,
    1979.9281165599823,
    2675.59037566185
  ],
  "server_metrics": {
    "prompt_tokens": 34.0,
    "total_tokens": 306435.375,
    "completion_tokens": 306401.375,
    "prompt_tokens_details": null
  }
}