{
  "timestamp": "2025-06-29T05:02:40.282855",
  "num_completions": 1024,
  "num_requests": 21,
  "concurrent_requests": 20,
  "total_time": 1784.799660205841,
  "avg_latency": 1315.5012390613556,
  "throughput": 0.5737338609095779,
  "success_rate": 1.0,
  "error_count": 0,
  "response_times": [
    1784.794719696045,
    734.9039587974548,
    1508.5166192054749,
    1594.7815515995026,
    1690.1107144355774,
    1766.4350864887238,
    204.32426571846008,
    1195.4708936214447,
    1236.7873842716217,
    359.6139979362488,
    1302.5567648410797,
    1250.699048280716,
    1350.0068180561066,
    1343.741038799286,
    1440.1649055480957,
    1411.5525217056274,
    1531.8831741809845,
    1646.5742857456207,
    1014.6608452796936,
    1678.571531534195,
    1579.3758945465088
  ],
  "server_metrics": {
    "prompt_tokens": 29.0,
    "total_tokens": 97832.19047619047,
    "completion_tokens": 97803.19047619047,
    "prompt_tokens_details": null
  }
}