{
  "timestamp": "2025-06-27T10:08:54.122135",
  "num_completions": 1024,
  "num_requests": 32,
  "concurrent_requests": 32,
  "total_time": 2919.8363766670227,
  "avg_latency": 1620.6346922442317,
  "throughput": 0.35070458337425414,
  "success_rate": 1.0,
  "error_count": 0,
  "response_times": [
    2919.832504749298,
    305.55054664611816,
    475.38148164749146,
    754.8528439998627,
    1032.5876014232635,
    1334.0987510681152,
    1554.7193694114685,
    1731.6794657707214,
    1915.7576920986176,
    2104.0239045619965,
    2294.092727661133,
    2480.1030490398407,
    2651.6279113292694,
    2820.945845603943,
    665.3962676525116,
    951.8088686466217,
    1228.9758777618408,
    1482.2430582046509,
    1681.625485420227,
    1857.7122111320496,
    2058.858254671097,
    2241.0319526195526,
    2392.4030125141144,
    2583.8521041870117,
    2776.820340871811,
    2894.3162231445312,
    288.7910816669464,
    432.665159702301,
    560.0049562454224,
    891.9560840129852,
    1128.8879249095917,
    1367.7075934410095
  ],
  "server_metrics": {
    "prompt_tokens": 34.0,
    "total_tokens": 75550.90625,
    "completion_tokens": 75516.90625,
    "prompt_tokens_details": null
  }
}