{
  "timestamp": "2025-06-27T06:18:00.112303",
  "num_completions": 1024,
  "num_requests": 2,
  "concurrent_requests": 2,
  "total_time": 2546.7552394866943,
  "avg_latency": 2000.427542924881,
  "throughput": 0.402080256525315,
  "success_rate": 1.0,
  "error_count": 0,
  "response_times": [
    2546.6922838687897,
    1454.1628019809723
  ],
  "server_metrics": {
    "prompt_tokens": 30.0,
    "total_tokens": 1119305.5,
    "completion_tokens": 1119275.5,
    "prompt_tokens_details": null
  }
}